{"cameraMode":{"drawMode":0,"name":"Shaded","section":"Shading Mode"},"sceneLighting":true,"audioPlay":false,"sceneViewState":{"showFog":true,"showMaterialUpdate":false,"showSkybox":true,"showFlares":true,"showImageEffects":true,"showParticleSystems":true},"in2DMode":false,"pivot":{"x":0.6124649047851563,"y":0.8153038024902344,"z":-1.0948963165283204},"rotation":{"x":-0.07244989275932312,"y":0.9159615635871887,"z":-0.192655548453331,"w":-0.3444559574127197},"size":10.0,"orthographic":false}